name.firstName,name.lastName,age,address.city,address.country,gender,address.countryCoded
Caritta,Brittani,54,Manama,Turkey,female,UM
Brynna,Skurnik,24,Omdurman,Guam,female,BM
Quintina,Lasley,11,Punta Arenas,Sudan,male,KH
Karly,Simmonds,18,Cairns,Dominica,male,CM
Frances,Matthew,48,Innsbruck,Oman,male,NI
Natka,Wu,78,Lahore,Mali,female,BT
Rivalee,Amasa,38,Albuquerque,Trinidad and Tobago,female,PN
Bernie,Henebry,40,Yerevan,Saint Vincent and the Grenadines,male,BR
Lucy,Brian,21,Vientiane,Myanmar,female,AG
Lorie,Sisile,26,Surat,Brunei Darussalam,female,SG
Blinni,Cleavland,79,Saint-Pierre,Suriname,male,HT
Bettine,Natica,64,Lima,Thailand,male,ZA